{
    "30": 1.0981470845610428,
    "20": 1.0984005116954236,
    "10": 1.0985893900951431,
    "6": 1.0985732529114778,
    "4": 1.1172579110709147,
    "2": 1.1408013285303207
}